{"stats":{"minecraft:custom":{"minecraft:time_since_rest":10235,"minecraft:interact_with_furnace":7,"minecraft:sprint_one_cm":83804,"minecraft:damage_taken":1735,"minecraft:walk_one_cm":50619,"minecraft:mob_kills":33,"minecraft:drop":3,"minecraft:damage_dealt":4037,"minecraft:swim_one_cm":23033,"minecraft:interact_with_crafting_table":3,"minecraft:fly_one_cm":219662,"minecraft:open_chest":2,"minecraft:crouch_one_cm":3017,"minecraft:play_time":26997,"minecraft:deaths":3,"minecraft:sneak_time":1013,"minecraft:walk_under_water_one_cm":3823,"minecraft:jump":1011,"minecraft:leave_game":1,"minecraft:walk_on_water_one_cm":8526,"minecraft:time_since_death":10209,"minecraft:total_world_time":26997,"minecraft:fall_one_cm":33625},"minecraft:crafted":{"minecraft:oak_planks":44,"minecraft:cooked_porkchop":3,"minecraft:crafting_table":1,"minecraft:stick":12,"minecraft:iron_ingot":10,"minecraft:wooden_pickaxe":1,"minecraft:stone_pickaxe":1,"minecraft:wooden_axe":1,"minecraft:stone_sword":1,"minecraft:furnace":1,"minecraft:stone_axe":1,"minecraft:air":0},"minecraft:killed":{"minecraft:sheep":12,"minecraft:zombie":2,"minecraft:pig":4,"minecraft:cow":15},"minecraft:used":{"minecraft:wooden_axe":12,"minecraft:netherite_sword":104,"minecraft:diamond_boots":1,"minecraft:stone_sword":26,"minecraft:stone_pickaxe":24,"minecraft:oak_planks":17,"minecraft:suspicious_stew":1,"minecraft:wooden_pickaxe":16,"minecraft:stone_axe":1,"minecraft:diamond_chestplate":1,"minecraft:cobblestone":7,"minecraft:dirt":1,"minecraft:mutton":15,"minecraft:beef":11,"minecraft:crafting_table":2,"minecraft:cooked_porkchop":3,"minecraft:furnace":1,"minecraft:porkchop":4,"minecraft:diamond_helmet":1,"minecraft:diamond_leggings":1},"minecraft:mined":{"minecraft:tall_seagrass":1,"minecraft:furnace":1,"minecraft:iron_ore":10,"minecraft:crafting_table":2,"minecraft:grass":56,"minecraft:coal_ore":4,"minecraft:oak_log":11,"minecraft:gravel":1,"minecraft:dirt":1,"minecraft:tall_grass":12,"minecraft:stone":24,"minecraft:oak_leaves":1},"minecraft:dropped":{"minecraft:gravel":1,"minecraft:wheat_seeds":2,"minecraft:bowl":1},"minecraft:picked_up":{"minecraft:raw_iron":10,"minecraft:crafting_table":2,"minecraft:glow_ink_sac":1,"minecraft:leather":17,"minecraft:gravel":1,"minecraft:porkchop":13,"minecraft:oak_log":11,"minecraft:dirt":1,"minecraft:wheat_seeds":9,"minecraft:netherite_sword":1,"minecraft:beef":26,"minecraft:netherite_chestplate":1,"minecraft:mutton":20,"minecraft:coal":5,"minecraft:white_wool":12,"minecraft:cobblestone":24,"minecraft:furnace":1},"minecraft:killed_by":{"minecraft:warden":2,"minecraft:zombie":1}},"DataVersion":3465}