{"stats":{"minecraft:used":{"minecraft:netherite_sword":408,"minecraft:command_block":1,"minecraft:armor_stand":6,"minecraft:netherite_chestplate":2,"minecraft:poppy":1,"minecraft:redstone_block":5,"minecraft:wither_skeleton_spawn_egg":2,"minecraft:netherite_boots":1,"minecraft:fishing_rod":7,"minecraft:diamond_sword":7,"minecraft:sand":30,"minecraft:netherite_leggings":1,"minecraft:netherite_helmet":1,"minecraft:sculk_catalyst":1},"minecraft:custom":{"minecraft:time_since_rest":42425,"minecraft:sprint_one_cm":15300,"minecraft:walk_one_cm":23208,"minecraft:damage_taken":123,"minecraft:mob_kills":25,"minecraft:drop":14,"minecraft:damage_dealt":39388,"minecraft:swim_one_cm":10321,"minecraft:fly_one_cm":104130,"minecraft:open_chest":1,"minecraft:crouch_one_cm":580,"minecraft:play_time":101827,"minecraft:deaths":1,"minecraft:sneak_time":531,"minecraft:walk_under_water_one_cm":5107,"minecraft:jump":319,"minecraft:leave_game":7,"minecraft:time_since_death":42390,"minecraft:walk_on_water_one_cm":1696,"minecraft:total_world_time":101827},"minecraft:picked_up":{"minecraft:sculk_catalyst":1,"minecraft:diamond_sword":1,"minecraft:sand":1,"minecraft:netherite_leggings":1,"minecraft:stone_sword":1,"minecraft:command_block":2,"minecraft:iron_ingot":9,"minecraft:poppy":6,"minecraft:coal":1},"minecraft:dropped":{"minecraft:iron_ingot":9,"minecraft:diamond_sword":1,"minecraft:poppy":6,"minecraft:sculk_catalyst":1,"minecraft:command_block":2,"minecraft:netherite_leggings":1},"minecraft:killed":{"minecraft:iron_golem":19,"minecraft:warden":4,"minecraft:wither_skeleton":2}},"DataVersion":3465}