{"stats":{"minecraft:custom":{"minecraft:time_since_rest":281,"minecraft:interact_with_furnace":1,"minecraft:sprint_one_cm":26336,"minecraft:damage_taken":383,"minecraft:walk_one_cm":31968,"minecraft:mob_kills":39,"minecraft:drop":19,"minecraft:damage_dealt":42139,"minecraft:swim_one_cm":10321,"minecraft:fly_one_cm":253603,"minecraft:open_chest":1,"minecraft:crouch_one_cm":780,"minecraft:play_time":164957,"minecraft:deaths":2,"minecraft:sneak_time":1046,"minecraft:walk_under_water_one_cm":7192,"minecraft:jump":576,"minecraft:leave_game":9,"minecraft:walk_on_water_one_cm":3573,"minecraft:time_since_death":255,"minecraft:total_world_time":164957,"minecraft:fall_one_cm":209},"minecraft:killed":{"minecraft:sheep":4,"minecraft:zombie":8,"minecraft:iron_golem":19,"minecraft:warden":4,"minecraft:wither_skeleton":2,"minecraft:cow":2},"minecraft:mined":{"minecraft:grass":2},"minecraft:used":{"minecraft:netherite_sword":458,"minecraft:command_block":1,"minecraft:armor_stand":6,"minecraft:poppy":1,"minecraft:netherite_chestplate":2,"minecraft:redstone_block":12,"minecraft:zombie_spawn_egg":18,"minecraft:wither_skeleton_spawn_egg":2,"minecraft:netherite_boots":1,"minecraft:fishing_rod":7,"minecraft:diamond_sword":152,"minecraft:sand":30,"minecraft:netherite_leggings":1,"minecraft:netherite_helmet":1,"minecraft:sculk_catalyst":1},"minecraft:dropped":{"minecraft:diamond_sword":1,"minecraft:iron_ingot":9,"minecraft:poppy":6,"minecraft:sculk_catalyst":1,"minecraft:netherite_sword":1,"minecraft:rotten_flesh":4,"minecraft:command_block":2,"minecraft:netherite_leggings":1},"minecraft:picked_up":{"minecraft:sculk_catalyst":1,"minecraft:diamond_sword":1,"minecraft:sand":1,"minecraft:netherite_leggings":1,"minecraft:stone_sword":1,"minecraft:command_block":2,"minecraft:rotten_flesh":4,"minecraft:netherite_helmet":1,"minecraft:iron_ingot":9,"minecraft:poppy":6,"minecraft:netherite_chestplate":1,"minecraft:mutton":2,"minecraft:coal":1,"minecraft:white_wool":2},"minecraft:killed_by":{"minecraft:zombie":1}},"DataVersion":3465}