{"stats":{"minecraft:used":{"minecraft:netherite_chestplate":1,"minecraft:sand":28,"minecraft:command_block":1,"minecraft:armor_stand":6},"minecraft:custom":{"minecraft:jump":27,"minecraft:open_chest":1,"minecraft:time_since_rest":47730,"minecraft:crouch_one_cm":127,"minecraft:leave_game":3,"minecraft:play_time":47730,"minecraft:sprint_one_cm":3553,"minecraft:time_since_death":47730,"minecraft:walk_on_water_one_cm":1511,"minecraft:walk_one_cm":3636,"minecraft:sneak_time":375,"minecraft:total_world_time":47730,"minecraft:walk_under_water_one_cm":5107,"minecraft:swim_one_cm":10321,"minecraft:fly_one_cm":65390},"minecraft:picked_up":{"minecraft:sand":1}},"DataVersion":3465}